No,KDPROV,NMPROV,KDKAB,NMKAB,KDKEC,NMKEC,KDDESA,NMDESA,KLAS,JMLSLS,JMLNONSLS,NBS,IDSLSNON,IDSLSNON4,NMSLSNON,KETUA SLS,DITEMUKAN,JUMLAH KELUARGA,JUMLAH KELUARGA PERTANIAN,JUMLAH URBAN FARMING,JUMLAH LUMBUNG,JUMLAH PENGGILINGAN,JUMLAH KUD,IDSLS
1,15,JAMBI,03,SAROLANGUN,030,PELAWAN,008,PEMATANG KOLIM,2,30,2,007B,000100,0001,RT 001 DUSUN 01/ SUKA MULYA,TUGIRAN,1,32,28,0,0,0,0,15030300080001
2,15,JAMBI,03,SAROLANGUN,030,PELAWAN,008,PEMATANG KOLIM,2,30,2,007B,000200,0002,RT 002 DUSUN 01/ SUKA MULYA,ERWANTO,1,27,25,0,0,0,0,15030300080002
3,15,JAMBI,03,SAROLANGUN,030,PELAWAN,008,PEMATANG KOLIM,2,30,2,007B,000300,0003,RT 003 DUSUN 01/ SUKA MULYA,ABDUL GAFUR,1,30,28,0,0,0,0,15030300080003
4,15,JAMBI,03,SAROLANGUN,030,PELAWAN,008,PEMATANG KOLIM,2,30,2,006B,000400,0004,RT 007 DUSUN 01/ SUKA MULYA,MUSLIKAN,1,24,14,0,0,0,0,15030300080004
5,15,JAMBI,03,SAROLANGUN,030,PELAWAN,008,PEMATANG KOLIM,2,30,2,006B,000500,0005,RT 008 DUSUN 02/ SUKASARI,SUPARMAN,1,34,30,0,0,0,0,15030300080005
6,15,JAMBI,03,SAROLANGUN,030,PELAWAN,008,PEMATANG KOLIM,2,30,2,005B,000600,0006,RT 009 DUSUN 02/ SUKASARI,ASEP.R,1,38,25,0,0,0,0,15030300080006
7,15,JAMBI,03,SAROLANGUN,030,PELAWAN,008,PEMATANG KOLIM,2,30,2,005B,000700,0007,RT 010 DUSUN 02/ SUKASARI,WAYUDI,1,29,24,0,0,0,0,15030300080007
8,15,JAMBI,03,SAROLANGUN,030,PELAWAN,008,PEMATANG KOLIM,2,30,2,005B,000800,0008,RT 011 DUSUN 02/ SUKASARI,SALIM,1,34,32,0,0,0,0,15030300080008
9,15,JAMBI,03,SAROLANGUN,030,PELAWAN,008,PEMATANG KOLIM,2,30,2,004B,000900,0009,RT 012 DUSUN 02/ SUKASARI,NGADUN,1,27,26,0,0,0,0,15030300080009
10,15,JAMBI,03,SAROLANGUN,030,PELAWAN,008,PEMATANG KOLIM,2,30,2,008B,001000,0010,RT 004 DUSUN 03/ SRI MULYA,SUNARDI,1,36,31,0,0,0,0,15030300080010
11,15,JAMBI,03,SAROLANGUN,030,PELAWAN,008,PEMATANG KOLIM,2,30,2,008B,001100,0011,RT 005 DUSUN 03/ SRI MULYA,SOLIKIN,1,34,30,0,0,0,0,15030300080011
12,15,JAMBI,03,SAROLANGUN,030,PELAWAN,008,PEMATANG KOLIM,2,30,2,004B,001200,0012,RT 006 DUSUN 03/ SRI MULYA,SUDARJI,1,46,36,0,0,0,0,15030300080012
13,15,JAMBI,03,SAROLANGUN,030,PELAWAN,008,PEMATANG KOLIM,2,30,2,008B,001300,0013,RT 013 DUSUN 04/ SUKA DADI,NANA.K,1,40,33,0,0,0,0,15030300080013
14,15,JAMBI,03,SAROLANGUN,030,PELAWAN,008,PEMATANG KOLIM,2,30,2,009B,001400,0014,RT 014 DUSUN 04/ SUKA DADI,WALUYO,1,37,33,0,0,0,0,15030300080014
15,15,JAMBI,03,SAROLANGUN,030,PELAWAN,008,PEMATANG KOLIM,2,30,2,010B,001500,0015,RT 015 DUSUN 04/ SUKA DADI,ROSYID,1,16,11,0,0,0,0,15030300080015
16,15,JAMBI,03,SAROLANGUN,030,PELAWAN,008,PEMATANG KOLIM,2,30,2,011B,001500,0015,RT 015 DUSUN 04/ SUKA DADI,ROSYID,1,20,15,0,0,0,0,15030300080015
17,15,JAMBI,03,SAROLANGUN,030,PELAWAN,008,PEMATANG KOLIM,2,30,2,009B,001600,0016,RT 016 DUSUN 04/ SUKA DADI,TEGUH,1,42,43,0,0,0,0,15030300080016
18,15,JAMBI,03,SAROLANGUN,030,PELAWAN,008,PEMATANG KOLIM,2,30,2,009B,001700,0017,RT 017 DUSUN 04/ SUKA DADI,KOKOK,1,36,27,0,0,0,0,15030300080017
19,15,JAMBI,03,SAROLANGUN,030,PELAWAN,008,PEMATANG KOLIM,2,30,2,012B,001800,0018,RT 018 DUSUN 05/ SUKA KARYA,RIZANI,1,46,46,0,0,0,0,15030300080018
20,15,JAMBI,03,SAROLANGUN,030,PELAWAN,008,PEMATANG KOLIM,2,30,2,013B,001900,0019,RT 019 DUSUN 05/ SUKA KARYA,BARNAS,1,74,64,0,0,0,0,15030300080019
21,15,JAMBI,03,SAROLANGUN,030,PELAWAN,008,PEMATANG KOLIM,2,30,2,012B,002000,0020,RT 020 DUSUN 05/ SUKA KARYA,ANANG.T,1,27,25,0,0,0,0,15030300080020
22,15,JAMBI,03,SAROLANGUN,030,PELAWAN,008,PEMATANG KOLIM,2,30,2,012B,002100,0021,RT 021 DUSUN 05/ SUKA KARYA,AMIN,1,29,26,0,0,0,0,15030300080021
23,15,JAMBI,03,SAROLANGUN,030,PELAWAN,008,PEMATANG KOLIM,2,30,2,003B,002200,0022,RT 022 DUSUN 06/ SIDOREJO,MUNAWAN,1,26,24,0,0,0,0,15030300080022
24,15,JAMBI,03,SAROLANGUN,030,PELAWAN,008,PEMATANG KOLIM,2,30,2,003B,002300,0023,RT 023 DUSUN 06/ SIDOREJO,JUMARI,1,12,12,0,0,0,0,15030300080023
25,15,JAMBI,03,SAROLANGUN,030,PELAWAN,008,PEMATANG KOLIM,2,30,2,003B,002400,0024,RT 024 DUSUN 06/ SIDOREJO,ALI SUKAMTO,1,34,28,0,0,0,0,15030300080024
26,15,JAMBI,03,SAROLANGUN,030,PELAWAN,008,PEMATANG KOLIM,2,30,2,002B,002500,0025,RT 025 DUSUN 07/ SIDODADI,NURYADI,1,34,30,0,0,0,0,15030300080025
27,15,JAMBI,03,SAROLANGUN,030,PELAWAN,008,PEMATANG KOLIM,2,30,2,002B,002600,0026,RT 026 DUSUN 07/ SIDODADI,EDI IRAWAN,1,43,40,0,0,0,0,15030300080026
28,15,JAMBI,03,SAROLANGUN,030,PELAWAN,008,PEMATANG KOLIM,2,30,2,002B,002700,0027,RT 027 DUSUN 07/ SIDODADI,ROHMAN,1,20,18,0,0,0,0,15030300080027
29,15,JAMBI,03,SAROLANGUN,030,PELAWAN,008,PEMATANG KOLIM,2,30,2,002B,002800,0028,RT 028 DUSUN 07/ SIDODADI,HARYANTO,1,24,23,0,0,0,0,15030300080028
30,15,JAMBI,03,SAROLANGUN,030,PELAWAN,008,PEMATANG KOLIM,2,30,2,003B,002900,0029,RT 029 DUSUN 07/ SIDODADI,SUWARNO,1,25,20,0,0,0,0,15030300080029
31,15,JAMBI,03,SAROLANGUN,030,PELAWAN,008,PEMATANG KOLIM,2,30,2,006B,003000,0030,RT 030 DUSUN 08/ SUKA MAJU,JONI,1,29,23,0,0,0,0,15030300080030
32,15,JAMBI,03,SAROLANGUN,030,PELAWAN,008,PEMATANG KOLIM,2,30,2,001P,100100,1001,PERKEBUNAN,,1,0,0,0,0,0,0,15030300081001
33,15,JAMBI,03,SAROLANGUN,030,PELAWAN,008,PEMATANG KOLIM,2,30,2,014P,100200,1002,PERKEBUNAN,,1,0,0,0,0,0,0,15030300081002
34,15,JAMBI,03,SAROLANGUN,030,PELAWAN,009,BATU PUTIH,2,26,7,003B,000100,0001,RT 001 DUSUN 1,GIONO,1,26,17,0,0,0,0,15030300090001
35,15,JAMBI,03,SAROLANGUN,030,PELAWAN,009,BATU PUTIH,2,26,7,003B,000200,0002,RT 002 DUSUN 1,SUPRIYADI,1,20,15,0,0,0,0,15030300090002
36,15,JAMBI,03,SAROLANGUN,030,PELAWAN,009,BATU PUTIH,2,26,7,003B,000300,0003,RT 003 DUSUN 1,BAMBANG,1,21,14,0,0,0,0,15030300090003
37,15,JAMBI,03,SAROLANGUN,030,PELAWAN,009,BATU PUTIH,2,26,7,003B,000400,0004,RT 024 DUSUN 1,MUJI.S.,1,19,12,0,0,0,0,15030300090004
38,15,JAMBI,03,SAROLANGUN,030,PELAWAN,009,BATU PUTIH,2,26,7,008B,000500,0005,RT 006 DUSUN 2,UJANG.S,1,22,18,0,0,0,0,15030300090005
39,15,JAMBI,03,SAROLANGUN,030,PELAWAN,009,BATU PUTIH,2,26,7,008B,000600,0006,RT 007 DUSUN 2,SITI JAHARA,1,19,14,0,0,0,0,15030300090006
40,15,JAMBI,03,SAROLANGUN,030,PELAWAN,009,BATU PUTIH,2,26,7,009B,000700,0007,RT 008 DUSUN 2,MAMUK.A,1,39,36,0,0,0,0,15030300090007
41,15,JAMBI,03,SAROLANGUN,030,PELAWAN,009,BATU PUTIH,2,26,7,009B,000800,0008,RT 009 DUSUN 2,SUPARMAN,1,31,36,0,0,0,0,15030300090008
42,15,JAMBI,03,SAROLANGUN,030,PELAWAN,009,BATU PUTIH,2,26,7,009B,000900,0009,RT 010 DUSUN 2,ASEP.S,1,35,30,0,0,0,0,15030300090009
43,15,JAMBI,03,SAROLANGUN,030,PELAWAN,009,BATU PUTIH,2,26,7,010B,001000,0010,RT 012 DUSUN 3,MASRUKIN,1,38,30,0,0,0,0,15030300090010
44,15,JAMBI,03,SAROLANGUN,030,PELAWAN,009,BATU PUTIH,2,26,7,010B,001100,0011,RT 013 DUSUN 3,A.BASUKI,1,41,31,0,0,0,0,15030300090011
45,15,JAMBI,03,SAROLANGUN,030,PELAWAN,009,BATU PUTIH,2,26,7,012B,001200,0012,RT 014 DUSUN 3,KARYAN,1,20,16,0,0,0,0,15030300090012
46,15,JAMBI,03,SAROLANGUN,030,PELAWAN,009,BATU PUTIH,2,26,7,012B,001300,0013,RT 015 DUSUN 3,SUJONO,1,29,25,0,0,0,0,15030300090013
47,15,JAMBI,03,SAROLANGUN,030,PELAWAN,009,BATU PUTIH,2,26,7,012B,001400,0014,RT 016 DUSUN 3,UMAR DANI,1,25,16,0,0,0,0,15030300090014
48,15,JAMBI,03,SAROLANGUN,030,PELAWAN,009,BATU PUTIH,2,26,7,012B,001500,0015,RT 026 DUSUN 3,DAHLAN,1,45,27,0,0,0,0,15030300090015
49,15,JAMBI,03,SAROLANGUN,030,PELAWAN,009,BATU PUTIH,2,26,7,005B,001600,0016,RT 017 DUSUN 4,SUYADI,1,21,19,0,0,0,0,15030300090016
50,15,JAMBI,03,SAROLANGUN,030,PELAWAN,009,BATU PUTIH,2,26,7,005B,001700,0017,RT 018 DUSUN 4,PINARDI,1,28,22,0,0,0,0,15030300090017
51,15,JAMBI,03,SAROLANGUN,030,PELAWAN,009,BATU PUTIH,2,26,7,005B,001800,0018,RT 019 DUSUN 4,SUMINO,1,33,31,0,0,0,0,15030300090018
52,15,JAMBI,03,SAROLANGUN,030,PELAWAN,009,BATU PUTIH,2,26,7,005B,001900,0019,RT 020 DUSUN 4,LOSO.S,1,23,21,0,0,0,0,15030300090019
53,15,JAMBI,03,SAROLANGUN,030,PELAWAN,009,BATU PUTIH,2,26,7,005B,002000,0020,RT 021 DUSUN 4,DARMANTO,1,23,19,0,0,0,0,15030300090020
54,15,JAMBI,03,SAROLANGUN,030,PELAWAN,009,BATU PUTIH,2,26,7,005B,002100,0021,RT 025 DUSUN 4,DARMADI,1,13,10,0,0,0,0,15030300090021
55,15,JAMBI,03,SAROLANGUN,030,PELAWAN,009,BATU PUTIH,2,26,7,008B,002200,0022,RT 004 DUSUN 5,BAMBANG.S,1,18,15,0,0,0,0,15030300090022
56,15,JAMBI,03,SAROLANGUN,030,PELAWAN,009,BATU PUTIH,2,26,7,008B,002300,0023,RT 005 DUSUN 5,WAGINO,1,33,26,0,0,0,0,15030300090023
57,15,JAMBI,03,SAROLANGUN,030,PELAWAN,009,BATU PUTIH,2,26,7,007B,002400,0024,RT 011 DUSUN 5,FATIH.M,1,37,25,0,0,0,0,15030300090024
58,15,JAMBI,03,SAROLANGUN,030,PELAWAN,009,BATU PUTIH,2,26,7,007B,002500,0025,RT 022 DUSUN 5,SUKATMAN,1,30,22,0,0,0,0,15030300090025
59,15,JAMBI,03,SAROLANGUN,030,PELAWAN,009,BATU PUTIH,2,26,7,007B,002600,0026,RT 023 DUSUN 5,ISHOMUDIN,1,27,22,0,0,0,0,15030300090026
60,15,JAMBI,03,SAROLANGUN,030,PELAWAN,009,BATU PUTIH,2,26,7,001P,100100,1001,KEBUN,,1,0,0,0,0,0,0,15030300091001
61,15,JAMBI,03,SAROLANGUN,030,PELAWAN,009,BATU PUTIH,2,26,7,002P,100200,1002,KEBUN,,1,0,0,0,0,0,0,15030300091002
62,15,JAMBI,03,SAROLANGUN,030,PELAWAN,009,BATU PUTIH,2,26,7,004P,100300,1003,KEBUN,,1,0,0,0,0,0,0,15030300091003
63,15,JAMBI,03,SAROLANGUN,030,PELAWAN,009,BATU PUTIH,2,26,7,006P,100400,1004,KEBUN,,1,0,0,0,0,0,0,15030300091004
64,15,JAMBI,03,SAROLANGUN,030,PELAWAN,009,BATU PUTIH,2,26,7,013P,100500,1005,KEBUN,,1,0,0,0,0,0,0,15030300091005
65,15,JAMBI,03,SAROLANGUN,030,PELAWAN,009,BATU PUTIH,2,26,7,011P,100600,1006,KEBUN,,1,0,0,0,0,0,0,15030300091006
66,15,JAMBI,03,SAROLANGUN,030,PELAWAN,009,BATU PUTIH,2,26,7,014P,100700,1007,KEBUN,,1,0,0,0,0,0,0,15030300091007
67,15,JAMBI,03,SAROLANGUN,030,PELAWAN,010,PELAWAN,1,8,0,005B,000100,0001,RT 001 DUSUN SUKO MULYO BAWAH,FAUZAN,1,59,45,0,0,0,0,15030300100001
68,15,JAMBI,03,SAROLANGUN,030,PELAWAN,010,PELAWAN,1,8,0,005B,000200,0002,RT 002 DUSUN SUKO MULYO BAWAH,ZAINI MEGA,1,52,41,0,0,1,0,15030300100002
69,15,JAMBI,03,SAROLANGUN,030,PELAWAN,010,PELAWAN,1,8,0,004B,000300,0003,RT 003 DUSUN SUKOMULYO ATAS,FATONI,1,51,40,0,0,0,0,15030300100003
70,15,JAMBI,03,SAROLANGUN,030,PELAWAN,010,PELAWAN,1,8,0,004B,000400,0004,RT 004 DUSUN SUKOMULYO ATAS,KONI ZUR,1,63,46,0,0,0,0,15030300100004
71,15,JAMBI,03,SAROLANGUN,030,PELAWAN,010,PELAWAN,1,8,0,003B,000500,0005,RT 005 DUSUN SIMPANG BEDENG,HAMIDI,1,68,58,0,0,0,0,15030300100005
72,15,JAMBI,03,SAROLANGUN,030,PELAWAN,010,PELAWAN,1,8,0,002B,000600,0006,RT 006 DUSUN SIMPANG BEDENG,DAHLAN,1,81,65,0,0,0,0,15030300100006
73,15,JAMBI,03,SAROLANGUN,030,PELAWAN,010,PELAWAN,1,8,0,001B,000700,0007,RT 007 DUSUN SUNGAI DALAM,ENDRITONANG,1,28,25,0,0,0,0,15030300100007
74,15,JAMBI,03,SAROLANGUN,030,PELAWAN,010,PELAWAN,1,8,0,001B,000800,0008,RT 008 DUSUN SUNGAI DALAM,SYAHROZI,1,32,32,0,0,0,0,15030300100008
75,15,JAMBI,03,SAROLANGUN,030,PELAWAN,011,SUNGAI MERAH,2,33,2,006B,000100,0001,RT 001 DUSUN 01/ SUMBER JAYA,RUDI SETIAWAN,1,38,37,0,0,0,0,15030300110001
76,15,JAMBI,03,SAROLANGUN,030,PELAWAN,011,SUNGAI MERAH,2,33,2,005B,000200,0002,RT 002 DUSUN 01/ SUMBER JAYA,PAIRIN,1,34,34,0,0,0,0,15030300110002
77,15,JAMBI,03,SAROLANGUN,030,PELAWAN,011,SUNGAI MERAH,2,33,2,007B,000300,0003,RT 004 DUSUN 01/ SUMBER JAYA,JOKO,1,42,40,0,0,0,0,15030300110003
78,15,JAMBI,03,SAROLANGUN,030,PELAWAN,011,SUNGAI MERAH,2,33,2,007B,000400,0004,RT 005 DUSUN 01/ SUMBER JAYA,NUR HADI,1,33,32,0,0,0,0,15030300110004
79,15,JAMBI,03,SAROLANGUN,030,PELAWAN,011,SUNGAI MERAH,2,33,2,006B,000500,0005,RT 006 DUSUN 01/ SUMBER JAYA,DWI WAHYUDI,1,37,35,0,0,0,0,15030300110005
80,15,JAMBI,03,SAROLANGUN,030,PELAWAN,011,SUNGAI MERAH,2,33,2,007B,000600,0006,RT 031 DUSUN 01/ SUMBER JAYA,IMAM SIBAWEH,1,28,27,0,0,0,0,15030300110006
81,15,JAMBI,03,SAROLANGUN,030,PELAWAN,011,SUNGAI MERAH,2,33,2,017B,000700,0007,RT 019 DUSUN 02/ SUMBER MULYA,M.TEGUH,1,27,24,0,0,0,0,15030300110007
82,15,JAMBI,03,SAROLANGUN,030,PELAWAN,011,SUNGAI MERAH,2,33,2,017B,000800,0008,RT 020 DUSUN 02/ SUMBER MULYA,SUYOTO,1,41,39,0,0,0,0,15030300110008
83,15,JAMBI,03,SAROLANGUN,030,PELAWAN,011,SUNGAI MERAH,2,33,2,015B,000900,0009,RT 021 DUSUN 02/ SUMBER MULYA,SUKIRNO,1,19,18,0,0,0,0,15030300110009
84,15,JAMBI,03,SAROLANGUN,030,PELAWAN,011,SUNGAI MERAH,2,33,2,016B,001000,0010,RT 026 DUSUN 02/ SUMBER MULYA,KRISTIADI,1,28,25,0,0,0,0,15030300110010
85,15,JAMBI,03,SAROLANGUN,030,PELAWAN,011,SUNGAI MERAH,2,33,2,017B,001100,0011,RT 029 DUSUN 02/ SUMBER MULYA,MARTONO,1,29,27,0,0,0,0,15030300110011
86,15,JAMBI,03,SAROLANGUN,030,PELAWAN,011,SUNGAI MERAH,2,33,2,016B,001200,0012,RT 030 DUSUN 02/ SUMBER MULYA,SUYARDI,1,30,27,0,0,0,0,15030300110012
87,15,JAMBI,03,SAROLANGUN,030,PELAWAN,011,SUNGAI MERAH,2,33,2,012B,001300,0013,RT 014 DUSUN 03/SUMBER SARI,IRAN SANTOSO,1,28,26,0,0,0,0,15030300110013
88,15,JAMBI,03,SAROLANGUN,030,PELAWAN,011,SUNGAI MERAH,2,33,2,013B,001400,0014,RT 015 DUSUN 03/SUMBER SARI,SUPRAPTO,1,27,26,0,0,0,0,15030300110014
89,15,JAMBI,03,SAROLANGUN,030,PELAWAN,011,SUNGAI MERAH,2,33,2,013B,001500,0015,RT 016 DUSUN 03/SUMBER SARI,SUPARNO,1,30,29,0,0,0,0,15030300110015
90,15,JAMBI,03,SAROLANGUN,030,PELAWAN,011,SUNGAI MERAH,2,33,2,013B,001600,0016,RT 017 DUSUN 03/SUMBER SARI,LAIDI,1,22,20,0,0,0,0,15030300110016
91,15,JAMBI,03,SAROLANGUN,030,PELAWAN,011,SUNGAI MERAH,2,33,2,011B,001700,0017,RT 008 DUSUN 04/SEI MERAH,SAMUD,1,34,32,0,0,0,0,15030300110017
92,15,JAMBI,03,SAROLANGUN,030,PELAWAN,011,SUNGAI MERAH,2,33,2,003B,001800,0018,RT 010 DUSUN 04/SEI MERAH,NURDIN,1,27,22,0,0,0,0,15030300110018
93,15,JAMBI,03,SAROLANGUN,030,PELAWAN,011,SUNGAI MERAH,2,33,2,002B,001900,0019,RT 011 DUSUN 04/SEI MERAH,PONIRAN,1,29,27,0,0,0,0,15030300110019
94,15,JAMBI,03,SAROLANGUN,030,PELAWAN,011,SUNGAI MERAH,2,33,2,003B,002000,0020,RT 025 DUSUN 04/SEI MERAH,PARSO,1,33,30,0,0,0,0,15030300110020
95,15,JAMBI,03,SAROLANGUN,030,PELAWAN,011,SUNGAI MERAH,2,33,2,003B,002100,0021,RT 027 DUSUN 04/SEI MERAH,MULYADI,1,29,28,0,0,0,0,15030300110021
96,15,JAMBI,03,SAROLANGUN,030,PELAWAN,011,SUNGAI MERAH,2,33,2,003B,002200,0022,RT 032 DUSUN 04/SEI MERAH,MALIKIN,1,27,26,0,0,0,0,15030300110022
97,15,JAMBI,03,SAROLANGUN,030,PELAWAN,011,SUNGAI MERAH,2,33,2,005B,002300,0023,RT 003 DUSUN 05/ SUMBER BARU,TIMBUL WAHYUDI,1,35,33,0,0,0,0,15030300110023
98,15,JAMBI,03,SAROLANGUN,030,PELAWAN,011,SUNGAI MERAH,2,33,2,004B,002400,0024,RT 007 DUSUN 05/ SUMBER BARU,IRFAN,1,43,40,0,0,0,0,15030300110024
99,15,JAMBI,03,SAROLANGUN,030,PELAWAN,011,SUNGAI MERAH,2,33,2,008B,002500,0025,RT 022 DUSUN 05/ SUMBER BARU,HARWANTO,1,31,30,0,0,0,0,15030300110025
100,15,JAMBI,03,SAROLANGUN,030,PELAWAN,011,SUNGAI MERAH,2,33,2,008B,002600,0026,RT 023 DUSUN 05/ SUMBER BARU,PARJI,1,33,31,0,0,0,0,15030300110026
101,15,JAMBI,03,SAROLANGUN,030,PELAWAN,011,SUNGAI MERAH,2,33,2,004B,002700,0027,RT 024 DUSUN 05/ SUMBER BARU,DAIMUDIN,1,31,30,0,0,0,0,15030300110027
102,15,JAMBI,03,SAROLANGUN,030,PELAWAN,011,SUNGAI MERAH,2,33,2,011B,002800,0028,RT 009 DUSUN 06/ SUMBER AGUNG,SUPRIANTO,1,26,25,0,0,0,0,15030300110028
103,15,JAMBI,03,SAROLANGUN,030,PELAWAN,011,SUNGAI MERAH,2,33,2,002B,002900,0029,RT 012 DUSUN 06/ SUMBER AGUNG,SUHERWANTO,1,41,40,0,0,0,0,15030300110029
104,15,JAMBI,03,SAROLANGUN,030,PELAWAN,011,SUNGAI MERAH,2,33,2,002B,003000,0030,RT 013 DUSUN 06/ SUMBER AGUNG,SAEKONI,1,52,50,0,0,0,0,15030300110030
105,15,JAMBI,03,SAROLANGUN,030,PELAWAN,011,SUNGAI MERAH,2,33,2,015B,003100,0031,RT 018 DUSUN 06/ SUMBER ANGUNG,ADI WELLA,1,41,40,0,0,0,0,15030300110031
106,15,JAMBI,03,SAROLANGUN,030,PELAWAN,011,SUNGAI MERAH,2,33,2,012B,003200,0032,RT 028 DUSUN 06/ SUMBER AGUNG,AHMAD RIFA'I,1,30,26,0,0,0,0,15030300110032
107,15,JAMBI,03,SAROLANGUN,030,PELAWAN,011,SUNGAI MERAH,2,33,2,009P,003300,0033,RT 033 DUSUN 06/ SUMBER AGUNG,TEGUH.W,1,0,0,0,0,0,0,15030300110033
108,15,JAMBI,03,SAROLANGUN,030,PELAWAN,011,SUNGAI MERAH,2,33,2,010B,003300,0033,RT 033 DUSUN 06/ SUMBER AGUNG,TEGUH.W,1,26,20,0,0,0,1,15030300110033
109,15,JAMBI,03,SAROLANGUN,030,PELAWAN,011,SUNGAI MERAH,2,33,2,001P,100100,1001,PERKEBUNAN KARET,,1,0,0,0,0,0,0,15030300111001
110,15,JAMBI,03,SAROLANGUN,030,PELAWAN,011,SUNGAI MERAH,2,33,2,014P,100200,1002,PERKEBUNAN KARET,,1,0,0,0,0,0,0,15030300111002
111,15,JAMBI,03,SAROLANGUN,030,PELAWAN,011,SUNGAI MERAH,2,33,2,018P,100200,1002,PERKEBUNAN KARET,,1,0,0,0,0,0,0,15030300111002
112,15,JAMBI,03,SAROLANGUN,030,PELAWAN,012,PENEGAH,2,12,1,004B,000100,0001,RT 001 DUSUN UJUNG TANJUNG,ZAINUDIN,1,27,27,0,0,0,0,15030300120001
113,15,JAMBI,03,SAROLANGUN,030,PELAWAN,012,PENEGAH,2,12,1,005B,000200,0002,RT 002 DUSUN UJUNG TANJUNG,M.LUD,1,26,24,0,0,1,0,15030300120002
114,15,JAMBI,03,SAROLANGUN,030,PELAWAN,012,PENEGAH,2,12,1,005B,000300,0003,RT 003 DUSUN UJUNG TANJUNG,M.TIBYAN,1,28,21,0,0,0,0,15030300120003
115,15,JAMBI,03,SAROLANGUN,030,PELAWAN,012,PENEGAH,2,12,1,005B,000400,0004,RT 004 DUSUN KAMPUNG MESJID,M.SAMSI,1,23,20,0,0,1,0,15030300120004
116,15,JAMBI,03,SAROLANGUN,030,PELAWAN,012,PENEGAH,2,12,1,004B,000500,0005,RT 005 DUSUN KAMPUNG MESJID,IZHAR,1,29,29,0,0,0,0,15030300120005
117,15,JAMBI,03,SAROLANGUN,030,PELAWAN,012,PENEGAH,2,12,1,004B,000600,0006,RT 006 DUSUN KAMPUNG MESJID,UMAR,1,30,28,0,0,0,0,15030300120006
118,15,JAMBI,03,SAROLANGUN,030,PELAWAN,012,PENEGAH,2,12,1,003B,000700,0007,RT 007 DUSUN PULAU TENGAH,RAHAYU,1,27,25,0,0,0,0,15030300120007
119,15,JAMBI,03,SAROLANGUN,030,PELAWAN,012,PENEGAH,2,12,1,003B,000800,0008,RT 008 DUSUN PULAU TENGAH,LUKMAN.KURIS,1,21,21,0,0,0,0,15030300120008
120,15,JAMBI,03,SAROLANGUN,030,PELAWAN,012,PENEGAH,2,12,1,003B,000900,0009,RT 009 DUSUN PULAUTENGAH,AMRI,1,28,28,0,0,0,0,15030300120009
121,15,JAMBI,03,SAROLANGUN,030,PELAWAN,012,PENEGAH,2,12,1,002B,001000,0010,RT 010 DUSUN SURAU BATU,A.GHAFAR,1,23,23,0,0,0,0,15030300120010
122,15,JAMBI,03,SAROLANGUN,030,PELAWAN,012,PENEGAH,2,12,1,002B,001100,0011,RT 11 DUSUN SURAU BATU,M EFENDI,1,30,30,0,0,0,0,15030300120011
123,15,JAMBI,03,SAROLANGUN,030,PELAWAN,012,PENEGAH,2,12,1,002B,001200,0012,RT 12 DUSUN SURAU BATU,RAPANI,1,25,21,0,0,0,0,15030300120012
124,15,JAMBI,03,SAROLANGUN,030,PELAWAN,012,PENEGAH,2,12,1,001P,100100,1001,PERKEBUNA,,1,0,0,0,0,0,0,15030300121001
125,15,JAMBI,03,SAROLANGUN,030,PELAWAN,013,PULAU ARO,2,8,6,003B,000100,0001,RT 001 DUSUN 1,ASNAWI,1,47,38,0,0,0,0,15030300130001
126,15,JAMBI,03,SAROLANGUN,030,PELAWAN,013,PULAU ARO,2,8,6,004B,000200,0002,RT 002 DUSUN 1,SAIPUL,1,34,28,0,0,0,0,15030300130002
127,15,JAMBI,03,SAROLANGUN,030,PELAWAN,013,PULAU ARO,2,8,6,004B,000300,0003,RT 003 DUSUN 1,MUJAHIT,1,52,45,0,0,1,0,15030300130003
128,15,JAMBI,03,SAROLANGUN,030,PELAWAN,013,PULAU ARO,2,8,6,003B,000400,0004,RT 004 DUSUN 2,DARMAWAN,1,41,35,0,0,0,0,15030300130004
129,15,JAMBI,03,SAROLANGUN,030,PELAWAN,013,PULAU ARO,2,8,6,006B,000500,0005,RT 005 DUSUN 2,SAL BUSRI,1,55,46,0,0,0,0,15030300130005
130,15,JAMBI,03,SAROLANGUN,030,PELAWAN,013,PULAU ARO,2,8,6,006B,000600,0006,RT 006 DUSUN 2,ADNAN,1,63,54,0,0,0,0,15030300130006
131,15,JAMBI,03,SAROLANGUN,030,PELAWAN,013,PULAU ARO,2,8,6,009B,000700,0007,RT 007 DUSUN 3,SUPRIYANTO,1,53,46,0,0,0,0,15030300130007
132,15,JAMBI,03,SAROLANGUN,030,PELAWAN,013,PULAU ARO,2,8,6,009B,000800,0008,RT 008 DUSUN 3,IBNU HAJAR,1,84,77,0,0,0,0,15030300130008
133,15,JAMBI,03,SAROLANGUN,030,PELAWAN,013,PULAU ARO,2,8,6,002P,100100,1001,PERKEBUNAN,,1,0,0,0,0,0,0,15030300131001
134,15,JAMBI,03,SAROLANGUN,030,PELAWAN,013,PULAU ARO,2,8,6,007P,100200,1002,SAWAH,,1,0,0,0,0,0,0,15030300131002
135,15,JAMBI,03,SAROLANGUN,030,PELAWAN,013,PULAU ARO,2,8,6,008P,100300,1003,SAWAH LEBUNG KANDI,,1,0,0,0,0,0,0,15030300131003
136,15,JAMBI,03,SAROLANGUN,030,PELAWAN,013,PULAU ARO,2,8,6,005P,100400,1004,SAWAH,,1,0,0,0,0,0,0,15030300131004
137,15,JAMBI,03,SAROLANGUN,030,PELAWAN,013,PULAU ARO,2,8,6,001P,100500,1005,PERKEBUNAN,,1,0,0,0,0,0,0,15030300131005
138,15,JAMBI,03,SAROLANGUN,030,PELAWAN,013,PULAU ARO,2,8,6,010P,100600,1006,PERKEBUNAN,,1,0,0,0,0,0,0,15030300131006
139,15,JAMBI,03,SAROLANGUN,030,PELAWAN,014,BUKIT,1,15,3,014B,000100,0001,RT 01 DUSUN PADANG SUNGKAI,HANAPI,1,59,59,0,0,0,0,15030300140001
140,15,JAMBI,03,SAROLANGUN,030,PELAWAN,014,BUKIT,1,15,3,014B,000200,0002,RT 02 DUSUN PADANG SUNGKAI,ZAINUDI,1,48,48,0,0,1,0,15030300140002
141,15,JAMBI,03,SAROLANGUN,030,PELAWAN,014,BUKIT,1,15,3,014B,000300,0003,RT 03 DUSUN PADANG SUNGKAI,SUAIDI GOBEN,1,30,30,0,0,1,0,15030300140003
142,15,JAMBI,03,SAROLANGUN,030,PELAWAN,014,BUKIT,1,15,3,013B,000400,0004,RT 04 DUSUN BUKIT,MANSUR,1,35,35,0,0,1,0,15030300140004
143,15,JAMBI,03,SAROLANGUN,030,PELAWAN,014,BUKIT,1,15,3,013B,000500,0005,RT 05 DUSUN BUKIT,AMAT ISA,1,110,15,0,0,0,0,15030300140005
144,15,JAMBI,03,SAROLANGUN,030,PELAWAN,014,BUKIT,1,15,3,012B,000600,0006,RT 06 DUSUN BUKIT,MERAN,1,76,76,0,0,0,0,15030300140006
145,15,JAMBI,03,SAROLANGUN,030,PELAWAN,014,BUKIT,1,15,3,010B,000700,0007,RT 07 DUSUN SIMPANG BUKIT,HAMDAN,1,153,140,0,0,0,0,15030300140007
146,15,JAMBI,03,SAROLANGUN,030,PELAWAN,014,BUKIT,1,15,3,004K,000800,0008,RT 08 DUSUN SIMPANG BUKIT,ARPAN,1,70,30,0,0,0,0,15030300140008
147,15,JAMBI,03,SAROLANGUN,030,PELAWAN,014,BUKIT,1,15,3,006B,000800,0008,RT 08 DUSUN SIMPANG BUKIT,ARPAN,1,70,30,0,0,0,0,15030300140008
148,15,JAMBI,03,SAROLANGUN,030,PELAWAN,014,BUKIT,1,15,3,007B,000900,0009,RT 09 DUSUN SIMPANG BUKIT,ROZALI,1,65,30,0,0,0,0,15030300140009
149,15,JAMBI,03,SAROLANGUN,030,PELAWAN,014,BUKIT,1,15,3,005B,001000,0010,RT 14 DUSUN SIMPANG BUKIT,ABU BAKAR,1,95,80,0,0,0,0,15030300140010
150,15,JAMBI,03,SAROLANGUN,030,PELAWAN,014,BUKIT,1,15,3,011B,001100,0011,RT 15 DUSUN SIMPANG BUKIT,ERIK,1,115,12,0,0,0,0,15030300140011
151,15,JAMBI,03,SAROLANGUN,030,PELAWAN,014,BUKIT,1,15,3,009B,001200,0012,RT 10 DUSUN SIMPANG BUKIT MAJU,ABDULLOH,1,120,83,0,0,0,0,15030300140012
152,15,JAMBI,03,SAROLANGUN,030,PELAWAN,014,BUKIT,1,15,3,008B,001300,0013,RT 11 DUSUN SIMPANG BUKIT MAJU,SYAIPUL,1,73,43,0,0,0,0,15030300140013
153,15,JAMBI,03,SAROLANGUN,030,PELAWAN,014,BUKIT,1,15,3,001B,001400,0014,RT 12 DUSUN SIMPANG BUKIT MAJU,ERWIN,1,65,48,0,0,0,0,15030300140014
154,15,JAMBI,03,SAROLANGUN,030,PELAWAN,014,BUKIT,1,15,3,001B,001500,0015,RT 13 DUSUN SIMPANG BUKIT MAJU,JAMARI,1,34,34,0,0,0,0,15030300140015
155,15,JAMBI,03,SAROLANGUN,030,PELAWAN,014,BUKIT,1,15,3,002P,100100,1001,PERKEBUNAN,,1,0,0,0,0,0,0,15030300141001
156,15,JAMBI,03,SAROLANGUN,030,PELAWAN,014,BUKIT,1,15,3,003P,100200,1002,PERKEBUNAN,,1,0,0,0,0,0,0,15030300141002
157,15,JAMBI,03,SAROLANGUN,030,PELAWAN,014,BUKIT,1,15,3,015P,100300,1003,PERKEBUNAN,,1,0,0,0,0,0,0,15030300141003
158,15,JAMBI,03,SAROLANGUN,030,PELAWAN,015,LUBUK SEPUH,2,23,4,010B,000100,0001,RT 01 DUSUN KAMPUNG TENGAH,SURYANTO,1,29,25,0,0,0,0,15030300150001
159,15,JAMBI,03,SAROLANGUN,030,PELAWAN,015,LUBUK SEPUH,2,23,4,010B,000200,0002,RT 09 DUSUN KAMPUNG TENGAH,INDRA GUNAWAN,1,42,16,0,0,0,0,15030300150002
160,15,JAMBI,03,SAROLANGUN,030,PELAWAN,015,LUBUK SEPUH,2,23,4,010B,000300,0003,RT 10 DUSUN KAMPUNG TENGAH,SRI NASRI,1,33,21,0,0,0,0,15030300150003
161,15,JAMBI,03,SAROLANGUN,030,PELAWAN,015,LUBUK SEPUH,2,23,4,008B,000400,0004,RT 18 DUSUN KAMPUNG TENGAH,BUSTONI,1,26,20,0,0,0,0,15030300150004
162,15,JAMBI,03,SAROLANGUN,030,PELAWAN,015,LUBUK SEPUH,2,23,4,013B,000500,0005,RT 02 DUSUN BARU,HENDRA FIRULIKA,1,35,29,0,0,0,0,15030300150005
163,15,JAMBI,03,SAROLANGUN,030,PELAWAN,015,LUBUK SEPUH,2,23,4,013B,000600,0006,RT 03 DUSUN BARU,SAIDINA,1,60,55,0,0,0,0,15030300150006
164,15,JAMBI,03,SAROLANGUN,030,PELAWAN,015,LUBUK SEPUH,2,23,4,014B,000700,0007,RT 04 DUSUN BARU,TAJUDIN,1,62,49,0,0,0,0,15030300150007
165,15,JAMBI,03,SAROLANGUN,030,PELAWAN,015,LUBUK SEPUH,2,23,4,007B,000800,0008,RT 05 DUSUN BARU,A. HAMID T,1,65,60,0,0,0,0,15030300150008
166,15,JAMBI,03,SAROLANGUN,030,PELAWAN,015,LUBUK SEPUH,2,23,4,007B,000900,0009,RT 06 DUSUN LUBUK BUNTAK,IZHAR,1,44,27,0,0,0,0,15030300150009
167,15,JAMBI,03,SAROLANGUN,030,PELAWAN,015,LUBUK SEPUH,2,23,4,006B,001000,0010,RT 07 DUSUN LUBUK BUNTAK,ABUN YAMIN,1,70,50,0,0,0,0,15030300150010
168,15,JAMBI,03,SAROLANGUN,030,PELAWAN,015,LUBUK SEPUH,2,23,4,014B,001100,0011,RT 08 DUSUN LUBUK BUNTAK,ABUL HATTA,1,44,15,0,0,0,0,15030300150011
169,15,JAMBI,03,SAROLANGUN,030,PELAWAN,015,LUBUK SEPUH,2,23,4,005B,001200,0012,RT 23 DUSUN LUBUK BUNTAK,HUSRIN,1,70,35,0,0,0,0,15030300150012
170,15,JAMBI,03,SAROLANGUN,030,PELAWAN,015,LUBUK SEPUH,2,23,4,009B,001300,0013,RT 14 DUSUN UJUNG TANJUNG,M ARIS,1,30,25,0,0,0,0,15030300150013
171,15,JAMBI,03,SAROLANGUN,030,PELAWAN,015,LUBUK SEPUH,2,23,4,009B,001400,0014,RT 15 DUSUN UJUNG TANJUNG,SULAIMAN,1,31,28,0,0,1,0,15030300150014
172,15,JAMBI,03,SAROLANGUN,030,PELAWAN,015,LUBUK SEPUH,2,23,4,008B,001500,0015,RT 16 DUSUN UJUNG TANJUNG,H SOMRI,1,24,24,0,0,0,0,15030300150015
173,15,JAMBI,03,SAROLANGUN,030,PELAWAN,015,LUBUK SEPUH,2,23,4,009B,001600,0016,RT 19 DUSUN UJUNG TANJUNG,M PAUZAN,1,34,25,0,0,0,0,15030300150016
174,15,JAMBI,03,SAROLANGUN,030,PELAWAN,015,LUBUK SEPUH,2,23,4,010B,001700,0017,RT 11 DUSUN TOBE SEMINJO,WILSON SAINT,1,27,25,0,0,0,0,15030300150017
175,15,JAMBI,03,SAROLANGUN,030,PELAWAN,015,LUBUK SEPUH,2,23,4,007B,001800,0018,RT 12 DUSUN TOBE SEMINJO,A RAPIK S,1,23,20,0,0,0,0,15030300150018
176,15,JAMBI,03,SAROLANGUN,030,PELAWAN,015,LUBUK SEPUH,2,23,4,007B,001900,0019,RT 13 DUSUN TOBE SEMINJO,PAUZAN,1,25,11,0,0,0,0,15030300150019
177,15,JAMBI,03,SAROLANGUN,030,PELAWAN,015,LUBUK SEPUH,2,23,4,008B,002000,0020,RT 17 DUSUN TOBE SEMINJO,ISHAK,1,35,33,0,0,0,0,15030300150020
178,15,JAMBI,03,SAROLANGUN,030,PELAWAN,015,LUBUK SEPUH,2,23,4,001B,002100,0021,RT 20 DUSUN PUCEK KAKI,SUPRIYADI,1,36,35,0,0,0,0,15030300150021
179,15,JAMBI,03,SAROLANGUN,030,PELAWAN,015,LUBUK SEPUH,2,23,4,001B,002200,0022,RT 21 DUSUN PUCEK KAKI,M RIYANTO,1,40,39,0,0,0,0,15030300150022
180,15,JAMBI,03,SAROLANGUN,030,PELAWAN,015,LUBUK SEPUH,2,23,4,003B,002300,0023,RT 22 DUSUN PUCEK KAKI,DEDI SUPRAPTO,1,15,15,0,0,0,0,15030300150023
181,15,JAMBI,03,SAROLANGUN,030,PELAWAN,015,LUBUK SEPUH,2,23,4,004P,100100,1001,PERKEBUNAN,,1,0,0,0,0,0,0,15030300151001
182,15,JAMBI,03,SAROLANGUN,030,PELAWAN,015,LUBUK SEPUH,2,23,4,002P,100200,1002,PERKEBUNAN,,1,0,0,0,0,0,0,15030300151002
183,15,JAMBI,03,SAROLANGUN,030,PELAWAN,015,LUBUK SEPUH,2,23,4,012P,100300,1003,PERKEBUNAN,,1,0,0,0,0,0,0,15030300151003
184,15,JAMBI,03,SAROLANGUN,030,PELAWAN,015,LUBUK SEPUH,2,23,4,011P,100400,1004,PERKEBUNAN,,1,0,0,0,0,0,0,15030300151004
185,15,JAMBI,03,SAROLANGUN,030,PELAWAN,016,MUARA DANAU,2,6,2,002B,000100,0001,RT 01 DUSUN UJUNG TANJUNG,ZAMALUDIN,1,40,22,0,0,1,0,15030300160001
186,15,JAMBI,03,SAROLANGUN,030,PELAWAN,016,MUARA DANAU,2,6,2,003B,000200,0002,RT 02 DUSUN UJUNG TANJUNG,A RIZKAN,1,42,38,0,0,1,0,15030300160002
187,15,JAMBI,03,SAROLANGUN,030,PELAWAN,016,MUARA DANAU,2,6,2,002B,000300,0003,RT 03 DUSUN KAMPUNG TENGAH,M SAFII,1,32,31,0,0,0,0,15030300160003
188,15,JAMBI,03,SAROLANGUN,030,PELAWAN,016,MUARA DANAU,2,6,2,003B,000400,0004,RT 04 DUSUN KAMPUNG TENGAH,MUHAMMAD,1,33,21,0,0,0,0,15030300160004
189,15,JAMBI,03,SAROLANGUN,030,PELAWAN,016,MUARA DANAU,2,6,2,004B,000500,0005,RT 05 DUSUN KAMPUNG MUDIK,MARSUB,1,42,35,0,0,0,0,15030300160005
190,15,JAMBI,03,SAROLANGUN,030,PELAWAN,016,MUARA DANAU,2,6,2,004B,000600,0006,RT 06 DUSUN KAMPUNG MUDIK,SAMSUDIN,1,50,21,0,0,0,0,15030300160006
191,15,JAMBI,03,SAROLANGUN,030,PELAWAN,016,MUARA DANAU,2,6,2,005P,100100,1001,PERKEBUNAN,,1,0,0,0,0,0,0,15030300161001
192,15,JAMBI,03,SAROLANGUN,030,PELAWAN,016,MUARA DANAU,2,6,2,001P,100200,1002,PERKEBUNAN,,1,0,0,,0,0,0,15030300161002
193,15,JAMBI,03,SAROLANGUN,030,PELAWAN,017,RANTAU TENANG,2,6,3,003B,000100,0001,RT 001 DUSUN LUBUK BERLIAN,MUSTAKIN,1,47,20,0,0,0,0,15030300170001
194,15,JAMBI,03,SAROLANGUN,030,PELAWAN,017,RANTAU TENANG,2,6,3,003B,000200,0002,RT 002 DUSUN LUBUK BERLIAN,RAMLI,1,46,24,0,0,0,0,15030300170002
195,15,JAMBI,03,SAROLANGUN,030,PELAWAN,017,RANTAU TENANG,2,6,3,004B,000300,0003,RT 003 DUSUN LUBUK BERLIAN,HARUN,1,76,57,0,0,0,0,15030300170003
196,15,JAMBI,03,SAROLANGUN,030,PELAWAN,017,RANTAU TENANG,2,6,3,005B,000400,0004,RT 004 DUSUN LESUNG BATU,HOLIL,1,55,45,0,0,0,0,15030300170004
197,15,JAMBI,03,SAROLANGUN,030,PELAWAN,017,RANTAU TENANG,2,6,3,005B,000500,0005,RT 005 DUSUN LESUNG BATU,HUDRI,1,69,62,0,0,0,0,15030300170005
198,15,JAMBI,03,SAROLANGUN,030,PELAWAN,017,RANTAU TENANG,2,6,3,006B,000600,0006,RT 006 DUSUN LESUNG BATU,MUSTOFA,1,66,5,0,0,0,0,15030300170006
199,15,JAMBI,03,SAROLANGUN,030,PELAWAN,017,RANTAU TENANG,2,6,3,001P,100100,1001,PERKEBUNAN KARET,,1,0,0,0,0,0,0,15030300171001
200,15,JAMBI,03,SAROLANGUN,030,PELAWAN,017,RANTAU TENANG,2,6,3,007P,100200,1002,PERKEBUNAN KARET,,1,0,0,0,0,0,0,15030300171002
201,15,JAMBI,03,SAROLANGUN,030,PELAWAN,017,RANTAU TENANG,2,6,3,002P,100300,1003,PERKEBUNAN KARET,,1,0,0,0,0,0,0,15030300171003
202,15,JAMBI,03,SAROLANGUN,030,PELAWAN,018,MEKAR SARI,2,22,2,004B,000100,0001,RT 001 DUSUN 001/ SINDANG SARI,TARSAN,1,47,35,0,0,0,0,15030300180001
203,15,JAMBI,03,SAROLANGUN,030,PELAWAN,018,MEKAR SARI,2,22,2,004B,000200,0002,RT 002 DUSUN 001/ SINDANG SARI,EDI SUKIRNO,1,33,23,0,0,0,0,15030300180002
204,15,JAMBI,03,SAROLANGUN,030,PELAWAN,018,MEKAR SARI,2,22,2,004B,000300,0003,RT 003 DUSUN 001/ SINDANG SARI,DASFI,1,35,33,0,0,0,0,15030300180003
205,15,JAMBI,03,SAROLANGUN,030,PELAWAN,018,MEKAR SARI,2,22,2,003B,000400,0004,RT 004 DUSUN 001/ SINDANG SARI,M. SOPYAN,1,26,24,0,0,0,0,15030300180004
206,15,JAMBI,03,SAROLANGUN,030,PELAWAN,018,MEKAR SARI,2,22,2,005B,000500,0005,RT 005 DUSUN 002/ SUKA MAKMUR,RAHMAT,1,43,40,0,0,0,0,15030300180005
207,15,JAMBI,03,SAROLANGUN,030,PELAWAN,018,MEKAR SARI,2,22,2,005B,000600,0006,RT 006 DUSUN 002/ SUKA MAKMUR,PURWANTO,1,39,39,0,0,0,0,15030300180006
208,15,JAMBI,03,SAROLANGUN,030,PELAWAN,018,MEKAR SARI,2,22,2,006B,000700,0007,RT 007 DUSUN 002/ SUKA MAKMUR,TETENG,1,41,40,0,0,0,0,15030300180007
209,15,JAMBI,03,SAROLANGUN,030,PELAWAN,018,MEKAR SARI,2,22,2,006B,000800,0008,RT 008 DUSUN 002/ SUKA MAKMUR,YUNUS PERMANA,1,33,30,0,0,0,0,15030300180008
210,15,JAMBI,03,SAROLANGUN,030,PELAWAN,018,MEKAR SARI,2,22,2,006B,000900,0009,RT 009 DUSUN 002/ SUKA MAKMUR,SUTISNA,1,37,35,0,0,0,0,15030300180009
211,15,JAMBI,03,SAROLANGUN,030,PELAWAN,018,MEKAR SARI,2,22,2,003B,001000,0010,RT 010 DUSUN 03/ SUKAMUKTI,SARMIN,1,42,42,0,0,0,0,15030300180010
212,15,JAMBI,03,SAROLANGUN,030,PELAWAN,018,MEKAR SARI,2,22,2,003B,001100,0011,RT 011 DUSUN 03/ SUKAMUKTI,MUGIYANTO,1,29,28,0,0,0,0,15030300180011
213,15,JAMBI,03,SAROLANGUN,030,PELAWAN,018,MEKAR SARI,2,22,2,002B,001200,0012,RT 012 DUSUN 03/ SUKAMUKTI,TARMAN,1,31,28,0,0,0,0,15030300180012
214,15,JAMBI,03,SAROLANGUN,030,PELAWAN,018,MEKAR SARI,2,22,2,002B,001300,0013,RT 013 DUSUN 03/ SUKAMUKTI,SULAEMAN,1,26,25,0,0,0,0,15030300180013
215,15,JAMBI,03,SAROLANGUN,030,PELAWAN,018,MEKAR SARI,2,22,2,002B,001400,0014,RT 014 DUSUN 03/ SUKAMUKTI,ENCANG,1,28,25,0,0,0,0,15030300180014
216,15,JAMBI,03,SAROLANGUN,030,PELAWAN,018,MEKAR SARI,2,22,2,010B,001500,0015,RT 015 DUSUN 04/ TANJUNG SARI,YAYAT,1,54,54,0,0,0,0,15030300180015
217,15,JAMBI,03,SAROLANGUN,030,PELAWAN,018,MEKAR SARI,2,22,2,010B,001600,0016,RT 016 DUSUN 04/ TANJUNG SARI,ASEP NURDIN,1,35,35,0,0,0,0,15030300180016
218,15,JAMBI,03,SAROLANGUN,030,PELAWAN,018,MEKAR SARI,2,22,2,010B,001700,0017,RT 017 DUSUN 04/ TANJUNG SARI,EDI YONO,1,38,37,0,0,0,0,15030300180017
219,15,JAMBI,03,SAROLANGUN,030,PELAWAN,018,MEKAR SARI,2,22,2,009B,001800,0018,RT 018 DUSUN 04/ TANJUNG SARI,HERI MARYADI,1,34,30,0,0,0,0,15030300180018
220,15,JAMBI,03,SAROLANGUN,030,PELAWAN,018,MEKAR SARI,2,22,2,009B,001900,0019,RT 019 DUSUN 04/ LUBUK SARI,BAMBANG,1,37,30,0,0,0,0,15030300180019
221,15,JAMBI,03,SAROLANGUN,030,PELAWAN,018,MEKAR SARI,2,22,2,007B,002000,0020,RT 020 DUSUN 04/ LUBUK SARI,SUPARMIN,1,37,33,0,0,0,0,15030300180020
222,15,JAMBI,03,SAROLANGUN,030,PELAWAN,018,MEKAR SARI,2,22,2,007B,002100,0021,RT 021 DUSUN 04/ LUBUK SARI,SUTRISNO,1,28,28,0,0,0,0,15030300180021
223,15,JAMBI,03,SAROLANGUN,030,PELAWAN,018,MEKAR SARI,2,22,2,007B,002200,0022,RT 022 DUSUN 04/ LUBUK SARI,UDIN MAREHAT,1,41,35,0,0,0,0,15030300180022
224,15,JAMBI,03,SAROLANGUN,030,PELAWAN,018,MEKAR SARI,2,22,2,001P,100100,1001,KEBUN KARET,,1,0,0,0,0,0,0,15030300181001
225,15,JAMBI,03,SAROLANGUN,030,PELAWAN,018,MEKAR SARI,2,22,2,008P,100200,1002,KEBUN KARET,,1,0,0,0,0,0,0,15030300181002
226,15,JAMBI,03,SAROLANGUN,030,PELAWAN,018,MEKAR SARI,2,22,2,011P,100200,1002,KEBUN KARET,,1,0,0,0,0,0,0,15030300181002
227,15,JAMBI,03,SAROLANGUN,030,PELAWAN,019,PASAR PELAWAN,1,15,0,007B,000100,0001,RT 001 DUSUN PASAR,TAUPIK,1,23,18,0,0,0,0,15030300190001
228,15,JAMBI,03,SAROLANGUN,030,PELAWAN,019,PASAR PELAWAN,1,15,0,005B,000200,0002,RT 002 DUSUN PASAR,M.RASYID,1,35,14,0,0,0,0,15030300190002
229,15,JAMBI,03,SAROLANGUN,030,PELAWAN,019,PASAR PELAWAN,1,15,0,005B,000300,0003,RT 003 DUSUN LORONG LOJER,DARMAWAN,1,32,6,0,0,0,0,15030300190003
230,15,JAMBI,03,SAROLANGUN,030,PELAWAN,019,PASAR PELAWAN,1,15,0,005B,000400,0004,RT 004 DUSUN LORONG LOJER,ZAMRI,1,30,12,0,0,0,0,15030300190004
231,15,JAMBI,03,SAROLANGUN,030,PELAWAN,019,PASAR PELAWAN,1,15,0,004B,000500,0005,RT 005 DUSUN KAMPUNG MESJID,EDI HARTONO,1,35,20,0,0,0,0,15030300190005
232,15,JAMBI,03,SAROLANGUN,030,PELAWAN,019,PASAR PELAWAN,1,15,0,004B,000600,0006,RT 006 DUSUN KAMPUNG MESJID,AMRIL,1,45,25,0,0,0,0,15030300190006
233,15,JAMBI,03,SAROLANGUN,030,PELAWAN,019,PASAR PELAWAN,1,15,0,003B,000700,0007,RT 007 DUSUN KAMPUNG MESJID,MUKHTAR,1,75,27,0,0,0,0,15030300190007
234,15,JAMBI,03,SAROLANGUN,030,PELAWAN,019,PASAR PELAWAN,1,15,0,002B,000800,0008,RT 008 DUSUN RENAH BARU,EVI,1,44,13,0,0,0,0,15030300190008
235,15,JAMBI,03,SAROLANGUN,030,PELAWAN,019,PASAR PELAWAN,1,15,0,002B,000900,0009,RT 009 DUSUN RENAH BARU,ARAFI,1,38,15,0,0,0,0,15030300190009
236,15,JAMBI,03,SAROLANGUN,030,PELAWAN,019,PASAR PELAWAN,1,15,0,001B,001000,0010,RT 010 DUSUN RENAH ATAS,ZAINUL,1,43,23,0,0,0,0,15030300190010
237,15,JAMBI,03,SAROLANGUN,030,PELAWAN,019,PASAR PELAWAN,1,15,0,001B,001100,0011,RT 011 DUSUN RENAH ATAS,ARIPUDIN,1,54,35,0,0,0,0,15030300190011
238,15,JAMBI,03,SAROLANGUN,030,PELAWAN,019,PASAR PELAWAN,1,15,0,007B,001200,0012,RT 012 DUSUN RENAH BAWAH,H.YANTO,1,42,12,0,0,0,0,15030300190012
239,15,JAMBI,03,SAROLANGUN,030,PELAWAN,019,PASAR PELAWAN,1,15,0,007B,001300,0013,RT 013 DUSUN RENAH BAWAH,SINI,1,33,7,0,0,0,0,15030300190013
240,15,JAMBI,03,SAROLANGUN,030,PELAWAN,019,PASAR PELAWAN,1,15,0,006B,001400,0014,RT 014 DUSUN PELAYANG,RUSLAN,1,52,13,0,0,0,0,15030300190014
241,15,JAMBI,03,SAROLANGUN,030,PELAWAN,019,PASAR PELAWAN,1,15,0,006B,001500,0015,RT 015 DUSUN PELAYANG,SAMSURI,1,67,22,0,0,1,0,15030300190015
242,15,JAMBI,03,SAROLANGUN,030,PELAWAN,020,PELAWAN JAYA,2,21,5,002B,000100,0001,RT 001 DUSUN 01/ LIMAU KAPAS,KURNIA ILAHI,1,50,3,0,0,0,0,15030300200001
243,15,JAMBI,03,SAROLANGUN,030,PELAWAN,020,PELAWAN JAYA,2,21,5,002B,000200,0002,RT 002 DUSUN 01/ LIMAU KAPAS,HENDRI,1,35,8,0,0,0,0,15030300200002
244,15,JAMBI,03,SAROLANGUN,030,PELAWAN,020,PELAWAN JAYA,2,21,5,002B,000300,0003,RT 003 DUSUN 01/ LIMAU KAPAS,IMELDA.S,1,27,5,0,0,0,0,15030300200003
245,15,JAMBI,03,SAROLANGUN,030,PELAWAN,020,PELAWAN JAYA,2,21,5,003B,000400,0004,RT 004 DUSUN 01/ LIMAU KAPAS,EKO,1,81,23,0,0,0,0,15030300200004
246,15,JAMBI,03,SAROLANGUN,030,PELAWAN,020,PELAWAN JAYA,2,21,5,003B,000500,0005,RT 019 DUSUN 01/ LIMAU KAPAS,M.ZAMRONI,1,45,4,0,0,0,0,15030300200005
247,15,JAMBI,03,SAROLANGUN,030,PELAWAN,020,PELAWAN JAYA,2,21,5,005B,000600,0006,RT 005 DUSUN 02/ MEKAR JAYA,MEDI,1,20,4,0,0,0,0,15030300200006
248,15,JAMBI,03,SAROLANGUN,030,PELAWAN,020,PELAWAN JAYA,2,21,5,005B,000700,0007,RT 006 DUSUN 02/ MEKAR JAYA,EFENDI,1,19,6,0,0,0,0,15030300200007
249,15,JAMBI,03,SAROLANGUN,030,PELAWAN,020,PELAWAN JAYA,2,21,5,005B,000800,0008,RT 007 DUSUN 02/ MEKAR JAYA,EDI GUNAWAN,1,41,6,0,0,0,0,15030300200008
250,15,JAMBI,03,SAROLANGUN,030,PELAWAN,020,PELAWAN JAYA,2,21,5,006B,000900,0009,RT 008 DUSUN 03/ SUKA JAYA,KARYADIN,1,89,10,0,0,0,0,15030300200009
251,15,JAMBI,03,SAROLANGUN,030,PELAWAN,020,PELAWAN JAYA,2,21,5,006B,001000,0010,RT 009 DUSUN 03/ SUKA JAYA,HOLIL,1,30,10,0,0,0,0,15030300200010
252,15,JAMBI,03,SAROLANGUN,030,PELAWAN,020,PELAWAN JAYA,2,21,5,007B,001100,0011,RT 010 DUSUN 03/ SUKA JAYA,DAUT,1,31,4,0,0,0,0,15030300200011
253,15,JAMBI,03,SAROLANGUN,030,PELAWAN,020,PELAWAN JAYA,2,21,5,007B,001200,0012,RT 018 DUSUN 03/ SUKA JAYA,YULI IRIANI,1,36,2,0,0,0,0,15030300200012
254,15,JAMBI,03,SAROLANGUN,030,PELAWAN,020,PELAWAN JAYA,2,21,5,007B,001300,0013,RT 020 DUSUN 03/ SUKA JAYA,ENI ERNAWATI,1,33,4,0,0,0,0,15030300200013
255,15,JAMBI,03,SAROLANGUN,030,PELAWAN,020,PELAWAN JAYA,2,21,5,006B,001400,0014,RT 011 DUSUN 04/ SIMPANG RAMBUTAN,MUZAMIL,1,31,2,0,0,0,0,15030300200014
256,15,JAMBI,03,SAROLANGUN,030,PELAWAN,020,PELAWAN JAYA,2,21,5,009B,001500,0015,RT 012 DUSUN 04/ SIMPANG RAMBUTAN,SETIA BUDI,1,27,9,0,0,0,0,15030300200015
257,15,JAMBI,03,SAROLANGUN,030,PELAWAN,020,PELAWAN JAYA,2,21,5,009B,001600,0016,RT 013 DUSUN 04/ SIMPANG RAMBUTAN,NASIKIN,1,37,10,0,0,0,0,15030300200016
258,15,JAMBI,03,SAROLANGUN,030,PELAWAN,020,PELAWAN JAYA,2,21,5,011B,001700,0017,RT 014 DUSUN 05/ JAYA MAKMUR,SUMATI,1,20,10,0,0,0,0,15030300200017
259,15,JAMBI,03,SAROLANGUN,030,PELAWAN,020,PELAWAN JAYA,2,21,5,011B,001800,0018,RT 015 DUSUN 05/ JAYA MAKMUR,HERI.W,1,25,20,0,0,0,0,15030300200018
260,15,JAMBI,03,SAROLANGUN,030,PELAWAN,020,PELAWAN JAYA,2,21,5,011B,001900,0019,RT 016 DUSUN 05/ JAYA MAKMUR,IMAM SUWITO,1,33,24,0,0,0,0,15030300200019
261,15,JAMBI,03,SAROLANGUN,030,PELAWAN,020,PELAWAN JAYA,2,21,5,011B,002000,0020,RT 017 DUSUN 05/ JAYA MAKMUR,MUAWANAH,1,26,20,0,0,0,0,15030300200020
262,15,JAMBI,03,SAROLANGUN,030,PELAWAN,020,PELAWAN JAYA,2,21,5,006B,002100,0021,RT 021 DUSUN 03/ SUKA JAYA,SABARSAH,1,30,10,0,0,0,0,15030300200021
263,15,JAMBI,03,SAROLANGUN,030,PELAWAN,020,PELAWAN JAYA,2,21,5,001P,100100,1001,PERKEBUNAN,,1,0,0,0,0,0,0,15030300201001
264,15,JAMBI,03,SAROLANGUN,030,PELAWAN,020,PELAWAN JAYA,2,21,5,008P,100200,1002,PERKEBUNAN,,1,0,0,0,0,0,0,15030300201002
265,15,JAMBI,03,SAROLANGUN,030,PELAWAN,020,PELAWAN JAYA,2,21,5,004P,100300,1003,PERKEBUNAN,,1,0,0,0,0,0,0,15030300201003
266,15,JAMBI,03,SAROLANGUN,030,PELAWAN,020,PELAWAN JAYA,2,21,5,010P,100400,1004,PERKEBUNAN,,1,0,0,0,0,0,0,15030300201004
267,15,JAMBI,03,SAROLANGUN,030,PELAWAN,020,PELAWAN JAYA,2,21,5,012P,100500,1005,PERKEBUNAN,,1,0,0,0,0,0,0,15030300201005
268,15,JAMBI,03,SAROLANGUN,030,PELAWAN,021,LUBUK SAYAK,1,14,2,005B,000100,0001,RT 001 DUSUN PEKAN BARU,LASMIWATI,1,33,16,0,0,0,0,15030300210001
269,15,JAMBI,03,SAROLANGUN,030,PELAWAN,021,LUBUK SAYAK,1,14,2,005B,000200,0002,RT 002 DUSUN PEKAN BARU,ERNAWATI,1,21,9,0,0,0,0,15030300210002
270,15,JAMBI,03,SAROLANGUN,030,PELAWAN,021,LUBUK SAYAK,1,14,2,005B,000300,0003,RT 003 DUSUN PEKAN BARU,HALIMAH,1,23,13,0,0,0,0,15030300210003
271,15,JAMBI,03,SAROLANGUN,030,PELAWAN,021,LUBUK SAYAK,1,14,2,005B,000400,0004,RT 004 DUSUN BARU,MUHARJONI,1,34,17,0,0,0,0,15030300210004
272,15,JAMBI,03,SAROLANGUN,030,PELAWAN,021,LUBUK SAYAK,1,14,2,003B,000500,0005,RT 005 DUSUN BARU,M.FAUZI,1,37,21,0,0,0,0,15030300210005
273,15,JAMBI,03,SAROLANGUN,030,PELAWAN,021,LUBUK SAYAK,1,14,2,003B,000600,0006,RT 006 DUSUN SUKAMAJU,ZAINA,1,38,14,0,0,0,0,15030300210006
274,15,JAMBI,03,SAROLANGUN,030,PELAWAN,021,LUBUK SAYAK,1,14,2,003B,000700,0007,RT 007 DUSUN SUKAMAJU,ABDUL MAJID,1,33,3,0,0,0,0,15030300210007
275,15,JAMBI,03,SAROLANGUN,030,PELAWAN,021,LUBUK SAYAK,1,14,2,003B,000800,0008,RT 008 DUSUN SUKAMAJU,M.SALEH,1,37,15,0,0,0,0,15030300210008
276,15,JAMBI,03,SAROLANGUN,030,PELAWAN,021,LUBUK SAYAK,1,14,2,004B,000900,0009,RT 009 DUSUN SUKAMAJU,HAZAMI,1,27,14,0,0,0,0,15030300210009
277,15,JAMBI,03,SAROLANGUN,030,PELAWAN,021,LUBUK SAYAK,1,14,2,004B,001000,0010,RT 010 DUSUN SUKAJAYA,MUHAMMAD,1,45,17,0,0,0,0,15030300210010
278,15,JAMBI,03,SAROLANGUN,030,PELAWAN,021,LUBUK SAYAK,1,14,2,004B,001100,0011,RT 011 DUSUN SUKAJAYA,RUSLAN,1,37,21,0,0,0,0,15030300210011
279,15,JAMBI,03,SAROLANGUN,030,PELAWAN,021,LUBUK SAYAK,1,14,2,004B,001200,0012,RT 012 DUSUN SUKAJAYA,SAKDIAH,1,34,17,0,0,0,0,15030300210012
280,15,JAMBI,03,SAROLANGUN,030,PELAWAN,021,LUBUK SAYAK,1,14,2,001B,001300,0013,RT 013 DUSUN SUKAJAYA,SILA,1,53,18,0,0,1,0,15030300210013
281,15,JAMBI,03,SAROLANGUN,030,PELAWAN,021,LUBUK SAYAK,1,14,2,007B,001400,0014,RT 014 DUSUN SUKAJAYA,ADIYANTO,1,27,3,0,0,0,0,15030300210014
282,15,JAMBI,03,SAROLANGUN,030,PELAWAN,021,LUBUK SAYAK,1,14,2,002P,100100,1001,PERKEBUNAN,,1,0,0,0,0,0,0,15030300211001
283,15,JAMBI,03,SAROLANGUN,030,PELAWAN,021,LUBUK SAYAK,1,14,2,006P,100100,1002,,,1,0,0,0,0,0,0,15030300211002
