﻿No,KDPROV,NMPROV,KDKAB,NMKAB,KDKEC,NMKEC,KDDESA,NMDESA,KLAS,JMLSLS,JMLNONSLS,NBS,IDSLSNON,IDSLSNON4,NMSLSNON,KETUA SLS,DITEMUKAN,JUMLAH KELUARGA,JUMLAH KELUARGA PERTANIAN,JUMLAH URBAN FARMING,JUMLAH LUMBUNG,JUMLAH PENGGILINGAN,JUMLAH KUD,IDSLS
1,15,JAMBI,05,MUARO JAMBI,010,MESTONG,024,SUKA DAMAI,2,9,0,005B,000100,0001,RT 01 DUSUN RIMBA JAYA,M. YANI,1,82,45,0,0,0,0,15050100240001
2,15,JAMBI,05,MUARO JAMBI,010,MESTONG,024,SUKA DAMAI,2,9,0,004B,000200,0002,RT 02 DUSUN RIMBA JAYA,TAMBRIN,1,81,52,0,0,0,0,15050100240002
3,15,JAMBI,05,MUARO JAMBI,010,MESTONG,024,SUKA DAMAI,2,9,0,005B,000300,0003,RT 08 DUSUN RIMBA JAYA,SUTARJI,1,85,51,0,0,0,0,15050100240003
4,15,JAMBI,05,MUARO JAMBI,010,MESTONG,024,SUKA DAMAI,2,9,0,004B,000400,0004,RT 03 DUSUN SUKO REJO,TUMPANG,1,119,82,0,0,0,0,15050100240004
5,15,JAMBI,05,MUARO JAMBI,010,MESTONG,024,SUKA DAMAI,2,9,0,003B,000500,0005,RT 04 DUSUN SUKO REJO,M. CHAMYANTO,1,79,38,0,0,0,0,15050100240005
6,15,JAMBI,05,MUARO JAMBI,010,MESTONG,024,SUKA DAMAI,2,9,0,002B,000600,0006,RT 05 DUSUN SIDOMULYO,HARISMAN,1,60,35,0,0,0,0,15050100240006
7,15,JAMBI,05,MUARO JAMBI,010,MESTONG,024,SUKA DAMAI,2,9,0,001B,000700,0007,RT 06 DUSUN SIDOMULYO,AHMAD BAHRUD,1,43,15,0,0,0,0,15050100240007
8,15,JAMBI,05,MUARO JAMBI,010,MESTONG,024,SUKA DAMAI,2,9,0,001B,000800,0008,RT 07 DUSUN SIDOMULYO,M. SUTIKNO,1,27,17,0,0,0,0,15050100240008
9,15,JAMBI,05,MUARO JAMBI,010,MESTONG,024,SUKA DAMAI,2,9,0,002B,000900,0009,RT 09 DUSUN SIDOMULYO,SUTARTO,1,54,40,0,0,0,0,15050100240009
